[
  {
    "DoctorType": 1,
    "Experience": 20,
    "Salary": 0.0,
    "Name": "Vasya",
    "Surname": "Petrov",
    "Phone": null,
    "Email": null,
    "Id": 2,
    "CreatedAt": "2023-09-10T12:53:21.8815896+03:00",
    "UpdatedAt": "0001-01-01T00:00:00"
  },
  {
    "DoctorType": 1,
    "Experience": 20,
    "Salary": 0.0,
    "Name": "Vasya",
    "Surname": "Petrov",
    "Phone": null,
    "Email": null,
    "Id": 7,
    "CreatedAt": "2024-10-21T19:57:25.3644881+03:00",
    "UpdatedAt": "0001-01-01T00:00:00"
  }
]