<?xml version="1.0" encoding="utf-8"?>
<Repository xmlns:xsi="http://www.w3.org/2001/XMLSchema-instance" xmlns:xsd="http://www.w3.org/2001/XMLSchema">
  <Database>
    <Doctors>
      <LastId>6</LastId>
      <Path>..\..\..\..\MyDoctorAppointment.Data\MockedDatabase\doctors.xml</Path>
    </Doctors>
    <Patients>
      <LastId>0</LastId>
      <Path>..\..\..\..\MyDoctorAppointment.Data\MockedDatabase\patients.xml</Path>
    </Patients>
    <Appointments>
      <LastId>0</LastId>
      <Path>..\..\..\..\\MyDoctorAppointment.Data\MockedDatabase\appointments.xml</Path>
    </Appointments>
  </Database>
</Repository>